Serial Number,Substrate Thickness,Patch Length,Patch Width,Frequency,Return Loss (s11),Gain
1,80,136,180,0.6535,-23.114,9.973
3,82,136,180,0.6769,-32.885,9.2812
4,83,136,180,0.6805,-56.37,9.1623
5,84,136,180,0.6841,-47.889,9.0913
6,85,136,180,0.6841,-38.306,9.0199
7,86,136,180,0.6859,-43.05,9.064
8,87,136,180,0.6868,-32.648,8.9492
9,88,136,180,0.6877,-35.736,8.9886
10,89,136,180,0.6877,-33.979,8.986
11,80,136,181,0.6517,-23.544,9.9374
12,81,136,181,0.6616,-27.987,9.693
13,82,136,181,0.676,-34.523,9.3543
14,83,136,181,0.6796,-37.157,9.2259
15,84,136,181,0.8821,-2.5331,9.3459
16,85,136,181,0.6841,-39.214,9.078
17,86,136,181,0.685,-30.947,8.9102
18,87,136,181,0.6868,-35.561,8.9764
19,88,136,181,0.6877,-30.188,8.9484
20,89,136,181,0.6877,-29.507,8.9278
21,80,136,182,0.6517,-23.798,9.9304
22,81,136,182,0.6607,-24.65,9.6055
23,82,136,182,0.6751,-33.157,9.3244
24,83,136,182,0.6778,-44.416,9.2038
25,84,136,182,0.8839,-2.5619,9.2727
26,85,136,182,0.6841,-40.132,9.0596
27,86,136,182,0.685,-35.851,9.0064
28,87,136,182,0.685,-31.142,8.9437
29,88,136,182,0.6868,-36.454,8.9569
30,89,136,182,0.6868,-31.082,8.8669
31,80,136,183,0.6508,-23.794,9.9158
32,81,136,183,0.6616,-25.084,9.7077
33,82,136,183,0.667,-31.09,9.4374
34,83,136,183,0.6787,-42.779,9.207
35,84,136,183,0.8821,-2.5545,9.2862
36,85,136,183,0.6832,-38.692,9.1301
37,86,136,183,0.685,-33.794,8.9914
38,87,136,183,0.6859,-29.929,8.9207
39,88,136,183,0.6859,-30.595,8.9328
40,89,136,183,0.6859,-31.662,8.9451
41,80,136,184,0.6499,-24.098,9.918
42,81,136,184,0.6598,-24.394,9.6539
43,82,136,184,0.6661,-30.854,9.4261
44,83,136,184,0.6778,-41.765,9.2116
45,84,136,184,0.8794,-2.513,9.2717
46,85,136,184,0.6823,-35.215,9.1016
47,86,136,184,0.6841,-31.369,9.0095
48,87,136,184,0.685,-36.52,8.958
49,88,136,184,0.6859,-31.449,8.9569
50,89,136,184,0.6859,-27.996,8.894
51,80,136,185,0.6499,-24.86,9.923
52,81,136,185,0.6598,-25.778,9.5978
53,82,136,185,0.6814,-36.961,9.286
54,83,136,185,0.676,-36.472,9.2661
55,84,136,185,0.8812,-2.5484,9.1637
56,85,136,185,0.6814,-29.289,9.0269
57,86,136,185,0.6832,-37.114,9.0629
58,87,136,185,0.6832,-30.775,8.9244
59,88,136,185,0.6859,-28.877,8.9501
60,89,136,185,0.6859,-28.378,8.8733
61,80,136,186,0.649,-24.729,9.9216
62,81,136,186,0.6589,-27.899,9.6575
63,82,136,186,0.6706,-40.173,9.3695
64,83,136,186,0.676,-42.903,9.2025
65,84,136,186,0.4114,-1.4831,7.1178
66,85,136,186,0.6805,-30.09,9.0468
67,86,136,186,0.6823,-29.383,8.9989
68,87,136,186,0.6823,-26.328,8.9101
69,88,136,186,0.6841,-28.145,8.8609
70,89,136,186,0.6841,-28.279,8.8945
71,80,136,187,0.6481,-25.264,9.9078
72,81,136,187,0.658,-26.635,9.6223
73,82,136,187,0.6652,-38.984,9.3917
74,83,136,187,0.406,-1.4459,7.4373
75,84,136,187,0.6778,-41.868,9.1246
76,85,136,187,0.6796,-34.285,9.0885
77,86,136,187,0.6814,-32.112,9.077
78,87,136,187,0.6823,-29.235,8.9904
79,88,136,187,0.6823,-28.279,8.9262
80,89,136,187,0.685,-28.309,8.8974
81,80,136,188,0.6481,-25.702,9.9015
82,81,136,188,0.658,-27.083,9.6568
83,82,136,188,0.6715,-37.973,9.3063
84,83,136,188,0.676,-42.678,9.209
85,84,136,188,0.6787,-36.929,9.0778
86,85,136,188,0.6805,-35.411,9.0853
87,86,136,188,0.6805,-32.52,9.052
88,87,136,188,0.6823,-29.972,8.9059
89,88,136,188,0.6832,-29.279,8.9088
90,89,136,188,0.6841,-27.858,8.8419
91,80,136,189,0.6472,-26.17,9.904
92,81,136,189,0.36571,-26.538,8.9892
93,82,136,189,0.3862,-1.3436,7.8587
94,83,136,189,0.6751,-41.406,9.1839
95,84,136,189,0.6778,-33.102,9.1019
96,85,136,189,0.2593,-6.8457,3.6821
97,86,136,189,0.6805,-29.078,8.9922
98,87,136,189,0.4222,-1.5855,6.7837
99,88,136,189,0.6841,-26.793,8.8861
100,89,136,189,0.4276,-1.6656,6.7869
101,80,137,180,0.6517,-22.118,9.9565
102,81,137,180,0.6688,-23.576,9.5075
103,82,137,180,0.6733,-30.178,9.3034
104,83,137,180,0.406,-1.4335,7.5673
105,84,137,180,0.4123,-1.4839,7.2261
106,85,137,180,0.4195,-1.5374,7.0457
107,86,137,180,0.685,-38.095,8.9519
108,87,137,180,0.4294,-1.6111,6.9681
109,88,137,180,0.4321,-1.6514,7.0046
110,89,137,180,0.4339,-1.6667,7.70078
111,80,137,181,0.6508,-22.108,9.9252
112,81,137,181,0.3736,-1.2343,8.6241
113,82,137,181,0.6742,-28.918,9.3717
114,83,137,181,0.4087,-1.4599,7.474
115,84,137,181,0.4132,-1.489,7.2233
116,85,137,181,0.4258,-1.5891,6.9856
117,86,137,181,0.4213,-1.5599,6.9001
118,87,137,181,0.4276,-1.6051,6.9458
119,88,137,181,0.6904,-27.107,8.8961
120,89,137,181,0.6868,-32.564,8.8651
121,80,137,182,0.6499,-22.459,9.9392
122,81,137,182,0.6679,-25.154,9.4191
123,82,137,182,0.3934,-1.3597,7.8499
124,83,137,182,0.4069,-1.4405,8.0992
125,84,137,182,0.4168,-1.5143,7.3089
126,85,137,182,0.4177,-1.5339,6.9876
127,86,137,182,0.6841,-35.583,9.0043
128,87,137,182,0.4348,-1.664,7.1099
129,88,137,182,0.6841,-36.751,8.9006
130,89,137,182,0.6904,-26.56,8.8324
131,80,137,183,0.649,-22.35,9.9207
132,81,137,183,0.6589,-25.146,9.7267
133,82,137,183,0.3943,-1.3716,7.7803
134,83,137,183,0.6742,-35.55,9.2251
135,84,137,183,0.6805,-42.942,9.121
136,85,137,183,0.4186,-1.5297,7.0333
137,86,137,183,0.4276,-1.5922,7.1029
138,87,137,183,0.4285,-1.6186,6.9824
139,88,137,183,0.4321,-1.6585,6.9886
140,89,137,183,0.4285,-1.6594,6.8472
141,80,137,184,0.6481,-22.684,9.9305
142,81,137,184,0.658,-26.448,9.7015
143,82,137,184,0.406,-1.4494,7.5567
144,83,137,184,0.406,-1.4373,7.3572
145,84,137,184,0.4123,-1.4695,7.1662
146,85,137,184,0.6805,-42.201,9.0178
147,86,137,184,0.4222,-1.579,6.9558
148,87,137,184,0.6841,-34.644,8.9353
149,88,137,184,0.4303,-1.6435,6.9362
150,89,137,184,0.6841,-30.379,8.8991
151,80,137,185,0.6472,-22.593,9.9174
152,81,137,185,0.6661,-24.252,9.557
153,82,137,185,0.6778,-35.537,9.2863
154,83,137,185,0.6751,-14.915,9.179
155,84,137,185,0.6778,-43.032,9.1532
156,85,137,185,0.6814,-33.365,8.975
157,86,137,185,0.4204,-1.5594,6.8981
158,87,137,185,0.6823,-34.666,8.951
159,88,137,185,0.6886,-26.99,8.8667
160,89,137,185,0.6895,-25.208,8.7832
161,80,137,186,0.6472,-22.974,9.8877
162,81,137,186,0.658,-25.059,9.4833
163,82,137,186,0.6715,-31.406,9.3158
164,83,137,186,0.6751,-33.984,9.2222
165,84,137,186,0.6787,-36.812,9.0937
166,85,137,186,0.6796,-44.849,9.0541
167,86,137,186,0.6823,-33.806,8.9355
168,87,137,186,0.6823,-34.012,8.9328
169,88,137,186,0.6832,-31.509,8.8905
170,89,137,186,0.66293,-14.51,9.0988
171,80,137,187,0.6463,-23.782,9.9209
172,81,137,187,0.6553,-24.273,9.6164
173,82,137,187,0.6697,-33.577,9.3025
174,83,137,187,0.676,-39.373,9.1642
175,84,137,187,0.415,-1.5135,7.2557
176,85,137,187,0.6787,-35.951,9.0489
177,86,137,187,0.4195,-1.5553,6.8888
178,87,137,187,0.4231,-1.6024,6.8541
179,88,137,187,0.4294,-1.6517,6.9122
180,89,137,187,0.6832,-29.682,8.8384
181,80,137,188,0.6454,-23.96,9.8899
182,81,137,188,0.6553,-26.615,9.6151
183,82,137,188,0.6724,-36.038,9.3037
184,83,137,188,0.6733,-44.131,9.1725
185,84,137,188,0.415,-1.5209,7.2622
186,85,137,188,0.4168,-1.5312,6.9557
187,86,137,188,0.6805,-34.625,8.9832
188,87,137,188,0.6814,-32.189,8.9242
189,88,137,188,0.6823,-32.423,8.9181
190,89,137,188,0.6823,-29.962,8.9066
191,80,137,189,0.6454,-23.856,9.8787
192,81,137,189,0.6553,-24.112,9.626
193,82,137,189,0.6616,-29.783,9.37
194,83,137,189,0.6778,-31.769,9.1216
195,84,137,189,0.6805,-30.243,9.0721
196,85,137,189,0.6778,-43.851,9.0847
197,86,137,189,0.6796,-37.634,9.0019
198,87,137,189,0.6814,-31.025,8.8795
199,88,137,189,0.4294,-1.6518,6.9029
200,89,137,189,0.4321,-1.6838,6.9338
201,80,138,180,0.6499,-20.693,9.9211
202,81,138,180,0.6607,-21.118,9.6322
203,82,138,180,0.6742,-26.831,9.2795
204,83,138,180,0.6778,-28.929,9.1869
205,84,138,180,0.6796,-34.292,9.0967
206,85,138,180,0.8821,-2.5642,9.2571
207,86,138,180,0.6841,-40.933,8.9235
208,87,138,180,0.685,-44.636,8.8968
209,88,138,180,0.6895,-28.249,8.8513
210,89,138,180,0.6859,-35.717,8.8028
211,80,138,181,0.649,-21.011,9.93
212,81,138,181,0.6598,-21.309,9.6242
213,82,138,181,0.6724,-29.979,9.2656
214,83,138,181,0.6778,-27.64,9.236
215,84,138,181,0.6805,-33.724,9.0484
216,85,138,181,0.6823,-38.062,8.9973
217,86,138,181,0.4222,-1.5783,6.9069
218,87,138,181,0.6886,-31.15,8.8921
219,88,138,181,0.685,-36.151,8.8209
220,89,138,181,0.685,-41.232,8.8608
221,80,138,182,0.6481,-20.912,9.9273
222,81,138,182,0.658,-24.214,9.637
223,82,138,182,0.6742,-28.475,9.2704
224,83,138,182,0.676,-30.517,9.2034
225,84,138,182,0.6787,-33.2,9.0695
226,85,138,182,0.6805,-44.393,9.0146
227,86,138,182,0.6823,-43.283,8.9553
228,87,138,182,0.6841,-41.892,8.8435
229,88,138,182,0.6841,-44.041,8.8916
230,89,138,182,0.685,-41.526,8.8057
231,80,138,183,0.6472,-21.515,9.9061
232,81,138,183,0.6589,-21.971,9.6588
233,82,138,183,0.6724,-27.417,9.2893
234,83,138,183,0.6769,-34.443,9.1197
235,84,138,183,0.6796,-50.947,9.0204
236,85,138,183,0.6796,-49.208,9.0231
237,86,138,183,0.6823,-41.785,8.9121
238,87,138,183,0.6832,-45.075,8.8931
239,88,138,183,0.6841,-43.821,8.8789
240,89,138,183,0.685,-33.398,8.8315
241,80,138,184,0.6472,-21.323,9.9019
242,81,138,184,0.6562,-25.815,9.6603
243,82,138,184,0.6706,-27.992,9.2781
244,83,138,184,0.676,-30.574,9.193
245,84,138,184,0.4123,-1.4845,7.259
246,85,138,184,0.4177,-1.5303,7.0186
247,86,138,184,0.6814,-34.641,8.9258
248,87,138,184,0.6868,-27.437,8.8917
249,88,138,184,0.6832,-42.48,8.8825
250,89,138,184,0.6841,-30.996,8.8349
251,80,138,185,0.6463,-21.567,9.9231
252,81,138,185,0.6571,-23.247,9.6953
253,82,138,185,0.6778,-31.128,9.1973
254,83,138,185,0.6751,-33.964,9.2038
255,84,138,185,0.4096,-1.4712,7.1767
256,85,138,185,0.424,-1.5875,7.0086
257,86,138,185,0.4312,-1.6335,7.0593
258,87,138,185,0.424,-1.6029,6.8414
259,88,138,185,0.4303,-1.6491,6.957
260,89,138,185,0.6823,-32.84,8.8439
261,80,138,186,0.6463,-22.022,9.8988
262,81,138,186,0.6553,-22.444,9.5655
263,82,138,186,0.6697,-29.99,9.2928
264,83,138,186,0.6733,-30.986,9.2496
265,84,138,186,0.6778,-34.573,9.0353
266,85,138,186,0.6787,-38.961,9.0099
267,86,138,186,0.685,-27.49,8.8668
268,87,138,186,0.6841,-26.864,8.8633
269,88,138,186,0.6814,-31.836,8.8429
270,89,138,186,0.6832,-31.739,8.8063
272,81,138,187,0.6553,-23.241,9.5976
273,82,138,187,0.6715,-31.746,9.2757
274,83,138,187,0.6724,-36.21,9.1636
275,84,138,187,0.676,-36.954,9.0892
276,85,138,187,0.6787,-40.462,8.9614
277,86,138,187,0.685,-28.416,8.8865
278,87,138,187,0.685,-26.514,8.8554
279,88,138,187,0.6823,-38.13,8.8459
280,89,138,187,0.6823,-30.09,8.8057
281,80,138,188,0.6445,-22.593,9.8785
282,81,138,188,0.6625,-26.185,9.4109
283,82,138,188,0.6751,-40.058,9.2242
284,83,138,188,0.6742,-38.675,9.1898
285,84,138,188,0.676,-45.713,9.0295
286,85,138,188,0.676,-41.739,9.0409
287,86,138,188,0.6796,-35.542,8.9222
288,87,138,188,0.6796,-30.842,8.8778
289,88,138,188,0.6796,-37.707,8.8899
290,89,138,188,0.6814,-32.737,8.8507
291,80,138,189,0.6445,-22.885,9.8887
292,81,138,189,0.6616,-24.734,9.4843
293,82,138,189,0.6751,-39.39,9.1711
294,83,138,189,0.6769,-45.239,9.1302
295,84,138,189,0.6751,-44.511,9.0975
296,85,138,189,0.6778,-43.137,9.0246
297,86,138,189,0.6796,-36.431,8.9346
298,87,138,189,0.6796,-34.207,8.9586
299,88,138,189,0.6805,-34.613,8.8544
300,89,138,189,0.6796,-29.071,8.8468
301,80,139,180,0.6481,-19.608,9.9112
302,81,139,180,0.667,-21.415,9.4144
303,82,139,180,0.6805,-28.84,9.1051
304,83,139,180,0.6769,-27.35,9.1784
305,84,139,180,0.6796,-13.548,9.0107
306,85,139,180,0.6805,-39.478,8.9406
307,86,139,180,0.6868,-39.057,8.8631
308,87,139,180,0.6841,-37.49,8.8847
309,88,139,180,0.685,-51.631,8.8394
310,89,139,180,0.6895,-41.631,8.7852
311,80,139,181,0.6481,-20.003,9.9083
312,81,139,181,0.6571,-21.815,9.5683
313,82,139,181,0.6715,-26.928,9.2047
314,83,139,181,0.6769,-27.486,9.1504
315,84,139,181,0.6787,-30.803,9.0839
316,85,139,181,0.6805,-34.949,9.0124
317,86,139,181,0.6859,-37.78,8.8861
318,87,139,181,0.6886,-32.674,8.7966
319,88,139,181,0.6832,-48.592,8.9026
320,89,139,181,0.685,-47.064,8.8242
321,80,139,182,0.6472,-19.943,9.9174
322,81,139,182,0.6571,-23.456,9.6575
323,82,139,182,0.6778,-27.689,9.1634
324,83,139,182,0.6742,-29.919,9.1159
325,84,139,182,0.6778,-31.068,9.0733
326,85,139,182,0.6796,-36.685,9.0074
327,86,139,182,0.6814,-42.931,8.9117
328,87,139,182,0.6886,-31.007,8.7975
329,88,139,182,0.6886,-31.007,8.7675
330,89,139,182,0.6841,-42.024,8.7727
331,80,139,183,0.6463,-19.852,9.8983
332,81,139,183,0.6643,-20.406,9.5321
333,82,139,183,0.6778,-28.526,9.1911
334,83,139,183,0.6742,-32.755,9.0835
335,84,139,183,0.6769,-32.73,9.0581
336,85,139,183,0.6787,-39.333,8.9685
337,86,139,183,0.6823,-66.431,8.8549
338,87,139,183,0.6868,-33.607,8.8276
339,88,139,183,0.6823,-52.463,8.8319
340,89,139,183,0.6841,-36.88,8.8013
341,80,139,184,0.6454,-20.17,9.9075
342,81,139,184,0.6643,-21.921,9.4359
343,82,139,184,0.6697,-27.471,9.283
344,83,139,184,0.6733,-30.498,9.1654
345,84,139,184,0.676,-33.599,9.0978
346,85,139,184,0.8812,-2.5744,9.159
347,86,139,184,0.8803,-2.6353,9.1935
348,87,139,184,0.6805,-44.535,8.8332
349,88,139,184,0.6877,-29.185,8.7434
350,89,139,184,0.6832,-32.009,8.7413
351,80,139,185,0.6445,-20.413,9.8832
352,81,139,185,0.6625,-22.141,9.4546
353,82,139,185,0.6607,-27.188,9.3223
354,83,139,185,0.6724,-35.459,9.0669
355,84,139,185,0.676,-32.529,9.0624
356,85,139,185,0.6778,-46.666,9.0184
357,86,139,185,0.6805,-41.924,8.8841
358,87,139,185,0.6805,-49.844,8.8802
359,88,139,185,0.6823,-39.907,8.7942
360,89,139,185,0.6841,-33.636,8.73
361,80,139,186,0.6445,-20.731,9.8929
362,81,139,186,0.6526,-25.798,9.6082
363,82,139,186,0.6679,-28.05,9.2366
364,83,139,186,0.6733,-30.903,9.0904
365,84,139,186,0.676,-32.322,9.0373
366,85,139,186,0.6778,-43.459,8.9065
367,86,139,186,0.6787,-39.691,8.9067
368,87,139,186,0.6796,-34.089,8.8529
369,88,139,186,0.6823,-38.064,8.8011
370,89,139,186,0.6814,-35.683,8.762
371,80,139,187,0.6436,-20.545,9.8927
372,81,139,187,0.6535,-21.942,9.6464
373,82,139,187,0.6751,-31.755,9.1461
374,83,139,187,0.6733,-59.45,9.0548
375,84,139,187,0.6805,-36.286,8.99
376,85,139,187,0.676,-58.273,8.9454
377,86,139,187,0.6787,-38.683,8.934
378,87,139,187,0.6796,-43.62,8.8699
379,88,139,187,0.6805,-36.51,8.8303
380,89,139,187,0.6859,-26.254,8.7156
381,80,139,188,0.6427,-20.915,9.866
382,81,139,188,0.6535,-21.902,9.5521
383,82,139,188,0.6751,-30.702,9.1495
384,83,139,188,0.6715,-32.442,9.1427
385,84,139,188,0.6751,-37.399,9.0407
386,85,139,188,0.676,-39.53,9.0298
387,86,139,188,0.6787,-42.445,8.8862
388,87,139,188,0.6787,-36.714,8.7981
389,88,139,188,0.6796,-55.252,8.8441
390,89,139,188,0.6841,-27.854,8.7496
391,80,139,189,0.6418,-21.135,9.8762
392,81,139,189,0.6526,-22.796,9.549
393,82,139,189,0.6742,-37.648,9.1434
394,83,139,189,0.6706,-36.367,9.1299
395,84,139,189,0.6733,-47.149,8.9879
396,85,139,189,0.6751,-38.566,8.9627
397,86,139,189,0.6778,-39.751,8.8738
398,87,139,189,0.6778,-34.1,8.7912
399,88,139,189,0.6796,-45.809,8.841
400,89,139,189,0.6805,-33.654,8.772
401,80,140,180,0.6472,-18.977,9.9061
402,81,140,180,0.6571,-19.902,9.6002
403,82,140,180,0.6715,-24.226,9.234
404,83,140,180,0.676,-25.026,9.1665
405,84,140,180,0.6787,-29.411,8.9813
406,85,140,180,0.6805,-35.134,8.9444
407,86,140,180,0.6823,-33.673,8.9207
408,87,140,180,0.6832,-41.072,8.8359
409,88,140,180,0.6895,-32.125,8.7202
410,89,140,180,0.685,-40.386,8.8127
411,80,140,181,0.6454,-18.825,9.9054
412,81,140,181,0.6562,-20.145,9.5676
413,82,140,181,0.6724,-25.05,9.2031
414,83,140,181,0.6751,-34.608,9.0421
415,84,140,181,0.6841,-32.371,8.9314
416,85,140,181,0.6796,-31.911,8.9734
417,86,140,181,0.685,-34.117,8.8316
418,87,140,181,0.6814,-52.267,8.8029
419,88,140,181,0.6832,-42.155,8.7545
420,89,140,181,0.6886,-30.665,8.7458
421,80,140,182,0.6445,-18.888,9.8909
422,81,140,182,0.6643,-20.486,9.4216
423,82,140,182,0.6706,-26.656,9.1325
424,83,140,182,0.6751,-28.189,9.0709
425,84,140,182,0.6769,-27.132,9.0721
426,85,140,182,0.6805,-31.074,8.9591
427,86,140,182,0.685,-42.985,8.8349
428,87,140,182,0.6859,-35.149,8.7554
429,88,140,182,0.6868,-29.941,8.701
430,89,140,182,0.6877,-29.172,8.7233
431,80,140,183,0.6481,-20.439,9.9281
432,81,140,183,0.6553,-21.106,9.6238
433,82,140,183,0.6616,-21.85,9.3152
434,83,140,183,0.6742,-27.074,9.1609
435,84,140,183,0.6769,-29.244,9.0644
436,85,140,183,0.6778,-38.704,8.8638
437,86,140,183,0.6832,-35.151,8.84
438,87,140,183,0.6859,-32.401,8.7588
439,88,140,183,0.6823,-48.134,8.7822
440,89,140,183,0.6823,-41.795,8.7629
441,80,140,184,0.6445,-19.337,9.8757
442,81,140,184,0.6544,-19.619,9.5861
443,82,140,184,0.676,-28.064,9.1278
444,83,140,184,0.6778,-32.522,9.0434
445,84,140,184,0.6751,-30.221,9.0075
446,85,140,184,0.6778,-34.107,8.9424
447,86,140,184,0.6796,-34.446,8.9075
448,87,140,184,0.6805,-44.918,8.8242
449,88,140,184,0.6823,-46.731,8.7367
450,89,140,184,0.6832,-42.925,8.6935
451,80,140,185,0.6436,-19.453,9.8755
452,81,140,185,0.6625,-21.281,9.4074
453,82,140,185,0.6742,-28.237,9.181
454,83,140,185,0.6769,-30.788,9.0563
455,84,140,185,0.676,-28.652,9.0232
456,85,140,185,0.6769,-32.402,8.9946
457,86,140,185,0.6796,-53.934,8.8192
458,87,140,185,0.6841,-36.493,8.8134
459,88,140,185,0.685,-33.555,8.7584
460,89,140,185,0.6823,-38.778,8.6686
461,80,140,186,0.6427,-19.521,9.884
462,81,140,186,0.6616,-20.984,9.4159
463,82,140,186,0.6733,-28.887,9.1056
464,83,140,186,0.6715,-26.214,9.1586
465,84,140,186,0.6751,-33.216,9.025
466,85,140,186,0.676,-39.972,8.9829
467,86,140,186,0.6787,-69.127,8.8196
468,87,140,186,0.6796,-49.726,8.8137
469,88,140,186,0.6796,-41.353,8.8212
470,89,140,186,0.6814,-41.448,8.7427
471,80,140,187,0.6418,-19.736,9.8718
472,81,140,187,0.6526,-21.661,9.5373
473,82,140,187,0.6733,-30.347,9.1131
474,83,140,187,0.6697,-27.927,9.1429
475,84,140,187,0.6742,-31.421,8.998
476,85,140,187,0.676,-37.176,8.9455
477,86,140,187,0.676,-48.689,8.8678
478,87,140,187,0.6814,-28.974,8.7658
479,88,140,187,0.6841,-31.571,8.7658
480,89,140,187,0.6796,-47.802,8.802
481,80,140,188,0.6418,-19.749,9.8765
482,81,140,188,0.6598,-22.464,9.422
483,82,140,188,0.6751,-30.234,9.1447
484,83,140,188,0.6706,-29.871,9.1319
485,84,140,188,0.6742,-32.51,9.0519
486,85,140,188,0.676,-38.701,8.9295
487,86,140,188,0.6814,-30.481,8.8182
488,87,140,188,0.6778,-41.513,8.8326
489,88,140,188,0.6841,-31.046,8.6877
490,89,140,188,0.6796,-34.627,8.7355
491,80,140,189,0.6409,-20.337,9.8667
492,81,140,189,0.6598,-22.185,9.4307
493,82,140,189,0.6652,-27.447,9.2533
494,83,140,189,0.6679,-28.689,9.1845
495,84,140,189,0.6724,-33.886,9.0217
496,85,140,189,0.6742,-47.814,8.9489
497,86,140,189,0.6769,-45.677,8.804
498,87,140,189,0.6769,-49.825,8.8795
499,88,140,189,0.6778,-55.24,8.8771
500,89,140,189,0.6796,-38.813,8.7363
501,80,141,180,0.6454,-17.91,9.8736
502,81,141,180,0.6634,-19.265,9.3947
503,82,141,180,0.6778,-24.666,9.0521
504,83,141,180,0.6733,-24.504,9.1074
505,84,141,180,0.6778,-26.264,8.9684
506,85,141,180,0.6787,-27.299,8.9501
507,86,141,180,0.6814,-34.765,8.8307
508,87,141,180,0.6823,-37.012,8.809
509,88,141,180,0.6832,-47.089,8.7444
510,89,141,180,0.6832,-45.603,8.7026
511,80,141,181,0.6454,-18.139,9.9024
512,81,141,181,0.6634,-19.794,9.3861
513,82,141,181,0.6688,-23.826,9.203
514,83,141,181,0.6796,-25.714,9.0267
515,84,141,181,0.6769,-28.438,8.9419
516,85,141,181,0.6787,-27.642,8.9664
517,86,141,181,0.6814,-35.136,8.778
518,87,141,181,0.6805,-39.509,8.7856
519,88,141,181,0.6841,-35.058,8.6799
520,89,141,181,0.6832,-44.602,8.7586
521,80,141,182,0.6445,-18.229,9.8721
522,81,141,182,0.6616,-19.113,9.3972
523,82,141,182,0.6679,-23.213,9.2219
524,83,141,182,0.6733,-28.499,9.0454
525,84,141,182,0.6751,-26.437,9.0277
526,85,141,182,0.6778,-29.072,8.9518
527,86,141,182,0.6796,-36.634,8.7982
528,87,141,182,0.6805,-38.77,8.8235
529,88,141,182,0.6859,-32.559,8.6813
530,89,141,182,0.6823,-49.262,8.7257
531,80,141,183,0.6427,-18.159,9.889
532,81,141,183,0.6544,-18.841,9.6034
533,82,141,183,0.6679,-24.285,9.2023
534,83,141,183,0.6796,-28.524,8.971
535,84,141,183,0.6814,-37.37,8.9189
536,85,141,183,0.6778,-29.364,8.9176
537,86,141,183,0.6796,-33.68,8.8191
538,87,141,183,0.6805,-40.867,8.7714
539,88,141,183,0.6868,-35.77,8.6787
540,89,141,183,0.6805,-42.199,8.7668
541,80,141,184,0.6418,-18.296,9.8785
542,81,141,184,0.6616,-19.519,9.4023
543,82,141,184,0.6751,-24.486,9.1241
544,83,141,184,0.6706,-27.585,9.102
545,84,141,184,0.6742,-27.512,9.0394
546,85,141,184,0.6769,-30.667,8.8818
547,86,141,184,0.6778,-36.234,8.8374
548,87,141,184,0.6805,-33.222,8.7786
549,88,141,184,0.6823,-48.442,8.6887
550,89,141,184,0.6814,-57.032,8.7027
551,80,141,185,0.6418,-18.736,9.9027
552,81,141,185,0.6526,-19.987,9.5438
553,82,141,185,0.667,-24.718,9.2536
554,83,141,185,0.6778,-27.71,9.0246
555,84,141,185,0.6742,-29.803,8.9351
556,85,141,185,0.676,-41.847,8.8499
557,86,141,185,0.6778,-32.449,8.8608
558,87,141,185,0.6787,-37.468,8.8202
559,88,141,185,0.6796,-41.7,8.7365
560,89,141,185,0.4321,-1.6779,6.9825
561,80,141,186,0.6409,-18.728,9.8767
562,81,141,186,0.6517,-20.43,9.5766
563,82,141,186,0.6724,-25.532,9.1093
564,83,141,186,0.6697,-25.704,9.1066
565,84,141,186,0.6742,-29.096,8.979
566,85,141,186,0.6751,-31.292,8.9443
567,86,141,186,0.6805,-36.319,8.8172
568,87,141,186,0.6769,-40.573,8.8439
569,88,141,186,0.6796,-42.118,8.7552
570,89,141,186,0.6796,-44.049,8.648
571,80,141,187,0.6409,-18.997,9.8805
572,81,141,187,0.6517,-19.939,9.5847
573,82,141,187,0.6571,-23.646,9.3175
574,83,141,187,0.6706,-26.761,9.0743
575,84,141,187,0.6715,-27.71,9.0209
576,85,141,187,0.6751,-36.903,8.8886
577,86,141,187,0.676,-43.579,8.7905
578,87,141,187,0.6769,-40.103,8.7964
579,88,141,187,0.6787,-46.93,8.7975
580,89,141,187,0.6796,-46.765,8.708
581,80,141,188,0.6391,-18.945,9.8551
582,81,141,188,0.6499,-19.761,9.5565
583,82,141,188,0.6661,-24.398,9.2045
584,83,141,188,0.6697,-26.112,9.1085
585,84,141,188,0.6733,-28.68,8.9799
586,85,141,188,0.6724,-34.683,8.9257
587,86,141,188,0.6751,-46.424,8.8304
588,87,141,188,0.676,-44.931,8.7802
589,88,141,188,0.6778,-40.041,8.8234
590,89,141,188,0.6787,-50.511,8.7685
591,80,141,189,0.6391,-19.229,9.8798
592,81,141,189,0.6589,-22.483,9.357
593,82,141,189,0.6715,-26.023,9.1023
594,83,141,189,0.6697,-28.032,9.0444
595,84,141,189,0.6724,-30.827,8.9949
596,85,141,189,0.6742,-41.506,8.8617
597,86,141,189,0.676,-43.379,8.7709
598,87,141,189,0.6769,-55.109,8.787
599,88,141,189,0.6787,-29.923,8.6454
600,89,141,189,0.6787,-36.966,8.7496
601,80,142,180,0.6445,-17.014,9.872
602,81,142,180,0.6544,-18.108,9.1365
603,82,142,180,0.6688,-21.121,9.1791
604,83,142,180,0.6796,-24.531,8.9795
605,84,142,180,0.6769,-27.045,8.9489
606,85,142,180,0.6823,-29.221,8.8327
607,86,142,180,0.6805,-34.978,8.7483
608,87,142,180,0.6823,-41.914,8.6348
609,88,142,180,0.6823,-32.445,8.7577
610,89,142,180,0.6832,-35.028,8.6914
611,80,142,181,0.6436,-17.306,9.8812
612,81,142,181,0.6526,-18.098,9.5366
613,82,142,181,0.6679,-20.761,9.211
614,83,142,181,0.6733,-24.833,9.0097
615,84,142,181,0.676,-25.29,8.9619
616,85,142,181,0.6778,-28.802,8.8968
617,86,142,181,0.6787,-30.764,8.8199
618,87,142,181,0.6841,-44.641,8.7158
619,88,142,181,0.6823,-36.17,8.6938
620,89,142,181,0.6823,-37.026,8.6178
621,80,142,182,0.6427,-17.238,9.8755
622,81,142,182,0.6679,-20.569,9.2448
623,82,142,182,0.6751,-23.739,9.044
624,83,142,182,0.6778,-26.668,8.9506
625,84,142,182,0.6751,-27.8,8.9531
626,85,142,182,0.6823,-31.903,8.8091
627,86,142,182,0.6787,-32.391,8.844
628,87,142,182,0.6841,-41.016,8.6771
629,88,142,182,0.6859,-36.159,8.6184
630,89,142,182,0.6823,-51.842,8.6004
631,80,142,183,0.6418,-17.478,9.8569
632,81,142,183,0.6535,-17.922,9.549
633,82,142,183,0.6661,-23.086,9.1901
634,83,142,183,0.6769,-25.668,8.9824
635,84,142,183,0.6742,-26.092,8.9976
636,85,142,183,0.6769,-30.433,8.8399
637,86,142,183,0.6769,-33.108,8.7805
638,87,142,183,0.6832,-47.297,8.7221
639,88,142,183,0.6787,-33.585,8.7565
640,89,142,183,0.6814,-53.467,8.662
641,80,142,184,0.6418,-17.816,9.8685
642,81,142,184,0.6598,-19.763,9.3389
643,82,142,184,0.6742,-24.267,9.0663
644,83,142,184,0.6706,-24.282,9.0831
645,84,142,184,0.6742,-26.786,8.9771
646,85,142,184,0.6769,-31.464,8.8022
647,86,142,184,0.6823,-53.781,8.7525
648,87,142,184,0.6823,-46.825,8.7545
649,88,142,184,0.6841,-40.493,8.681
650,89,142,184,0.6841,-37.169,8.6151
651,80,142,185,0.6409,-17.684,9.8516
652,81,142,185,0.6598,-19.852,9.4191
653,82,142,185,0.6724,-24.708,9.0427
654,83,142,185,0.6715,-27.035,9.0082
655,84,142,185,0.6787,-35.224,8.8725
656,85,142,185,0.6742,-29.494,8.8706
657,86,142,185,0.6805,-45.056,8.7566
658,87,142,185,0.6787,-37.575,8.7485
659,88,142,185,0.6787,-44.749,8.6623
660,89,142,185,0.6796,-40.545,8.7188
661,80,142,186,0.6427,-19.008,9.8686
662,81,142,186,0.658,-20.576,9.3452
663,82,142,186,0.6652,-23.071,9.1585
664,83,142,186,0.6706,-25.513,8.9854
665,84,142,186,0.4114,-1.486,7.2331
666,85,142,186,0.6742,-31.313,8.9703
667,86,142,186,0.6769,-36.821,8.8015
668,87,142,186,0.6778,-36.488,8.7496
669,88,142,186,0.6778,-50.698,8.7474
670,89,142,186,0.6787,-43.35,8.674
671,80,142,187,0.6427,-19.179,9.8749
672,81,142,187,0.6499,-18.481,9.5121
673,82,142,187,0.6706,-26.709,9.0525
674,83,142,187,0.6688,-26.751,9.0489
675,84,142,187,0.6724,-27.517,8.3432
676,85,142,187,0.6805,-46.635,8.7961
677,86,142,187,0.676,-35.073,8.8001
678,87,142,187,0.6778,-55,8.7139
679,88,142,187,0.6787,-36.855,8.7317
680,89,142,187,0.6778,-43.412,8.7067
681,80,142,188,0.6382,-18.114,9.8465
682,81,142,188,0.6472,-20.914,9.513
683,82,142,188,0.6715,-25.363,9.0459
684,83,142,188,0.6688,-28.392,9.0072
685,84,142,188,0.6697,-31.632,8.9655
686,85,142,188,0.6778,-35.442,8.8372
687,86,142,188,0.676,-33.214,8.8015
688,87,142,188,0.6751,-46.528,8.8228
689,88,142,188,0.6814,-34.057,8.6799
690,89,142,188,0.6778,-43.504,8.7177
691,80,142,189,0.6382,-18.348,9.8504
692,81,142,189,0.649,-18.622,9.493
693,82,142,189,0.6706,-25.48,9.0459
694,83,142,189,0.6679,-25.539,9.0248
695,84,142,189,0.6706,-33.258,8.9195
696,85,142,189,0.6742,-34.015,8.8743
697,86,142,189,0.6787,-41.057,8.7475
698,87,142,189,0.6751,-37.371,8.7564
699,88,142,189,0.6814,-33.755,8.6026
700,89,142,189,0.6778,-56.329,8.6476
701,80,143,180,0.6436,-16.578,9.8651
702,81,143,180,0.6607,-18.222,9.3231
703,82,143,180,0.6742,-22.678,9.0237
704,83,143,180,0.6724,-23.069,9.0191
705,84,143,180,0.676,-24.884,8.8822
706,85,143,180,0.6778,-31.731,8.845
707,86,143,180,0.6832,-32.769,8.6905
708,87,143,180,0.6805,-33.297,8.6911
709,88,143,180,0.6859,-48.75,8.5923
710,89,143,180,0.6859,-39.928,8.6367
711,80,143,181,0.6418,-16.606,9.8765
712,81,143,181,0.6598,-18.519,9.3501
713,82,143,181,0.667,-22.896,9.0814
714,83,143,181,0.6769,-24.927,8.8831
715,84,143,181,0.6742,-24.023,8.9417
716,85,143,181,0.6823,-30.611,8.7599
717,86,143,181,0.6832,-32.713,8.6916
718,87,143,181,0.6787,-31.988,8.7069
719,88,143,181,0.685,-44.895,8.5958
720,89,143,181,0.6859,-35.06,8.5869
721,80,143,182,0.6409,-16.551,9.8666
722,81,143,182,0.6526,-16.802,9.507
723,82,143,182,0.6742,-22.139,9.0434
724,83,143,182,0.676,-24.504,8.961
725,84,143,182,0.6742,-24.551,8.9375
726,85,143,182,0.6805,-32.024,8.7348
727,86,143,182,0.6823,-37.445,8.74
728,87,143,182,0.6805,-31.531,8.6471
729,88,143,182,0.6823,-28.027,8.6476
730,89,143,182,0.6823,-43.907,8.5682
731,80,143,183,0.6409,-16.917,9.8569
732,81,143,183,0.6517,-17.308,9.5043
733,82,143,183,0.6724,-22.099,9.0403
734,83,143,183,0.6778,-25.044,8.8814
735,84,143,183,0.6724,-26.213,8.9011
736,85,143,183,0.676,-27.594,8.8201
737,86,143,183,0.6805,-25.958,8.6858
738,87,143,183,0.6796,-35.06,8.6811
739,88,143,183,0.6841,-36.029,8.615
740,89,143,183,0.6805,-53.039,8.5945
741,80,143,184,0.6409,-16.952,9.8298
742,81,143,184,0.658,-18.279,9.379
743,82,143,184,0.6724,-22.928,9.0172
744,83,143,184,0.6706,-23.976,9.0156
745,84,143,184,0.6724,-25.149,8.9053
746,85,143,184,0.6751,-31.758,8.7884
747,86,143,184,0.676,-30.471,8.7584
748,87,143,184,0.6778,-31.991,8.6598
749,88,143,184,0.6832,-39.065,8.5931
750,89,143,184,0.6787,-41.775,8.6553
751,80,143,185,0.6427,-18.007,9.8657
752,81,143,185,0.6508,-18.682,9.5079
753,82,143,185,0.6715,-23.006,9.0639
754,83,143,185,0.6751,-25.909,8.9309
755,84,143,185,0.6778,-28.125,8.8402
756,85,143,185,0.6742,-28.626,8.8691
757,86,143,185,0.6805,-43.487,8.6988
758,87,143,185,0.6778,-31.063,8.6959
759,88,143,185,0.6778,-34.417,8.6406
760,89,143,185,0.6787,-39.03,8.6855
761,80,143,186,0.6382,-17.288,9.8412
762,81,143,186,0.6562,-19.165,9.3375
763,82,143,186,0.6634,-21.686,9.2184
764,83,143,186,0.667,-24.954,8.9761
765,84,143,186,0.6715,-27.092,8.918
766,85,143,186,0.6787,-45.993,8.7636
767,86,143,186,0.6778,-37.26,8.7543
768,87,143,186,0.6814,-49.771,8.6512
769,88,143,186,0.676,-36.612,8.6642
770,89,143,186,0.6778,-39.342,8.6737
771,80,143,187,0.6373,-17.359,9.8498
772,81,143,187,0.6571,-20.651,9.3386
773,82,143,187,0.6715,-23.412,9.0131
774,83,143,187,0.6751,-28.34,8.8973
775,84,143,187,0.6706,-28.388,8.9055
776,85,143,187,0.6724,-29.518,8.9076
777,86,143,187,0.6742,-33.022,8.7488
778,87,143,187,0.6769,-36.792,8.7334
779,88,143,187,0.6778,-35.91,8.6734
780,89,143,187,0.6787,-40.658,8.6028
781,80,143,188,0.6373,-17.344,9.8142
782,81,143,188,0.6481,-18.799,9.5098
783,82,143,188,0.6706,-23.474,9.0393
784,83,143,188,0.6742,-27.208,8.9223
785,84,143,188,0.6706,-28.62,8.9214
786,85,143,188,0.6733,-32.144,8.7956
787,86,143,188,0.6742,-34.431,8.7578
788,87,143,188,0.6769,-49.106,8.6233
789,88,143,188,0.6778,-46.049,8.6332
790,89,143,188,0.6778,-49.12,8.5752
791,80,143,189,0.6373,-17.664,9.8372
792,81,143,189,0.6553,-20.886,9.3078
793,82,143,189,0.6625,-23.255,9.1072
794,83,143,189,0.667,-25.287,8.9976
795,84,143,189,0.6706,-25.476,8.8945
796,85,143,189,0.6715,-28.615,8.9158
797,86,143,189,0.6742,-32.485,8.7346
798,87,143,189,0.6796,-40.539,8.6177
799,88,143,189,0.6778,-48.086,8.5912
800,89,143,189,0.6769,-41.222,8.6206
801,80,144,180,0.6445,-16.643,9.8761
802,81,144,180,0.6598,-17.296,9.3533
803,82,144,180,0.6733,-21.656,8.9904
804,83,144,180,0.6715,-22.283,9.0055
805,84,144,180,0.6751,-22.606,8.8757
806,85,144,180,0.6814,-28.778,8.7109
807,86,144,180,0.6796,-27.946,8.6235
808,87,144,180,0.6859,-32.226,8.5162
809,88,144,180,0.685,-44.12,8.5679
810,89,144,180,0.6859,-39.092,8.5441
811,80,144,181,0.6409,-15.983,9.8994
812,81,144,181,0.6508,-15.866,9.4937
813,82,144,181,0.6733,-21.626,8.9815
814,83,144,181,0.6706,-22.134,8.4888
815,84,144,181,0.6733,-23.371,8.8612
816,85,144,181,0.6796,-27.965,8.7721
817,86,144,181,0.6805,-27.725,8.7109
818,87,144,181,0.6823,-37.901,8.6823
819,88,144,181,0.6841,-40.731,8.6001
820,89,144,181,0.6859,-45.991,9.0116
821,80,144,182,0.6427,-16.904,9.877
822,81,144,182,0.6589,-17.736,9.3568
823,82,144,182,0.6733,-21.139,9.0156
824,83,144,182,0.676,-23.434,8.8928
825,84,144,182,0.6733,-22.866,8.9465
826,85,144,182,0.6787,-30.232,8.7262
827,86,144,182,0.6769,-30.079,8.7382
828,87,144,182,0.6787,-29.302,8.6289
829,88,144,182,0.6796,-30.867,8.5542
830,89,144,182,0.6796,-39.307,8.5845
831,80,144,183,0.6427,-17.033,9.8732
832,81,144,183,0.6571,-18.908,9.2594
833,82,144,183,0.6724,-21.668,8.97
834,83,144,183,0.6742,-24.09,8.9258
835,84,144,183,0.6724,-26.199,8.8208
836,85,144,183,0.6796,-33.959,8.6921
837,86,144,183,0.6805,-36.558,8.7135
838,87,144,183,0.6742,-30.41,8.7145
839,88,144,183,0.6778,-31.867,8.6242
840,89,144,183,0.6832,-57.175,8.5402
841,80,144,184,0.6382,-16.403,9.8429
842,81,144,184,0.649,-17.238,9.4515
843,82,144,184,0.6715,-22.382,8.9459
844,83,144,184,0.6733,-24.333,8.9083
845,84,144,184,0.6715,-25.506,8.8857
846,85,144,184,0.6733,-24.877,8.8185
847,86,144,184,0.6805,-43.92,8.6467
848,87,144,184,0.6769,-27.719,8.7072
849,88,144,184,0.6805,-33.724,8.5456
850,89,144,184,0.6823,-43.95,8.5636
851,80,144,185,0.6382,-16.475,9.8429
852,81,144,185,0.6553,-18.744,9.2769
853,82,144,185,0.6715,-22.57,8.9463
854,83,144,185,0.6742,-27.981,8.9082
855,84,144,185,0.6706,-23.159,8.9729
856,85,144,185,0.6778,-33.814,8.7376
857,86,144,185,0.6751,-29.388,8.7377
858,87,144,185,0.6796,-45.556,8.6558
859,88,144,185,0.6769,-31.368,8.5952
860,89,144,185,0.6823,-43.104,8.5126
861,80,144,186,0.6373,-16.547,9.799
862,81,144,186,0.6634,-19.855,9.1818
863,82,144,186,0.6688,-22.957,9.0033
864,83,144,186,0.6724,-24.684,8.912
865,84,144,186,0.6706,-24.473,8.9206
866,85,144,186,0.6724,-26.831,8.8079
867,86,144,186,0.6742,-29.551,8.7125
868,87,144,186,0.6787,-39.313,8.6406
869,88,144,186,0.6814,-55.074,8.5391
870,89,144,186,0.6823,-55.299,8.5326
871,80,144,187,0.6373,-16.571,9.8224
872,81,144,187,0.6562,-19.165,9.3236
873,82,144,187,0.6697,-21.922,9.0029
874,83,144,187,0.6679,-24.106,8.9693
875,84,144,187,0.6715,-24.767,8.9002
876,85,144,187,0.6769,-34.068,8.6997
877,86,144,187,0.6787,-32.606,8.6741
878,87,144,187,0.6751,-33.582,8.6029
879,88,144,187,0.6751,-33.716,8.6257
880,89,144,187,0.6805,-39.113,8.519
881,80,144,188,0.6391,-17.657,9.8344
882,81,144,188,0.6544,-19.536,9.3458
883,82,144,188,0.6697,-24.305,8.9651
884,83,144,188,0.6661,-22.702,9.0455
885,84,144,188,0.6706,-24.888,8.8435
886,85,144,188,0.6706,-27.106,8.8272
887,86,144,188,0.6787,-42.973,8.6053
888,87,144,188,0.6796,-50.02,8.5777
889,88,144,188,0.6796,-44.104,8.5573
890,89,144,188,0.6796,-37.313,8.5581
891,80,144,189,0.6382,-17.75,9.8462
892,81,144,189,0.6544,-19.022,9.3065
893,82,144,189,0.6679,-24.54,8.9843
894,83,144,189,0.6706,-26.176,8.9073
895,84,144,189,0.6733,-32.146,8.806
896,85,144,189,0.6706,-31.42,8.7485
897,86,144,189,0.6787,-43.106,8.6028
898,87,144,189,0.6778,-53.205,8.5889
899,88,144,189,0.6796,-62.786,8.5647
900,89,144,189,0.676,-44.522,8.5637
901,80,145,180,0.64,-15.169,9.8522
902,81,145,180,0.6598,-16.891,9.2768
903,82,145,180,0.6724,-20.411,8.9687
904,83,145,180,0.6751,-22.097,8.8569
905,84,145,180,0.6733,-22.566,8.85
906,85,145,180,0.6751,-28.346,8.7121
907,86,145,180,0.6805,-28.061,8.6369
908,87,145,180,0.6787,-31.798,8.5867
909,88,145,180,0.6832,-33.731,8.5074
910,89,145,180,0.6805,-29.56,8.5941
911,80,145,181,0.6418,-16.089,9.8639
912,81,145,181,0.6643,-17.823,9.262
913,82,145,181,0.6724,-21.456,8.9153
914,83,145,181,0.6769,-21.46,8.7941
915,84,145,181,0.6724,-22.274,8.8939
916,85,145,181,0.6787,-26.604,8.7247
917,86,145,181,0.6796,-28.22,8.6666
918,87,145,181,0.6814,-30.665,8.6101
919,88,145,181,0.6823,-37.043,8.524
920,89,145,181,0.6841,-38.977,8.4972
921,80,145,182,0.6418,-16.216,9.8428
922,81,145,182,0.6499,-16.1,9.4445
923,82,145,182,0.6706,-21.161,8.9732
924,83,145,182,0.6751,-22.207,8.8677
925,84,145,182,0.6724,-22.942,8.8362
926,85,145,182,0.6778,-25.817,8.7223
927,86,145,182,0.6796,-30.331,8.6501
928,87,145,182,0.6814,-34.976,8.5795
929,88,145,182,0.6787,-32.273,8.5499
930,89,145,182,0.6823,-38.064,8.5002
931,80,145,183,0.6373,-15.543,9.8232
932,81,145,183,0.6571,-17.144,9.298
933,82,145,183,0.6634,-19.166,9.1302
934,83,145,183,0.6751,-23.016,8.8508
935,84,145,183,0.6724,-22.588,8.8896
936,85,145,183,0.6769,-30.601,8.707
937,86,145,183,0.6796,-31.479,8.6163
938,87,145,183,0.6805,-32.431,8.5283
939,88,145,183,0.6823,-29.566,8.557
940,89,145,183,0.6823,-52.01,8.5054
941,80,145,184,0.64,-16.476,9.8591
942,81,145,184,0.6553,-19.009,9.251
943,82,145,184,0.6706,-20.816,9.0172
944,83,145,184,0.6733,-22.99,8.8656
945,84,145,184,0.6706,-23.338,8.8638
946,85,145,184,0.6724,-27.029,8.7556
947,86,145,184,0.6787,-35.883,8.6697
948,87,145,184,0.6805,-35.843,8.5807
949,88,145,184,0.6769,-33.282,8.5505
950,89,145,184,0.6787,-30.529,8.5518
951,80,145,185,0.6364,-15.752,9.8159
952,81,145,185,0.6481,-16.483,9.4766
953,82,145,185,0.6697,-21.101,9.0062
954,83,145,185,0.6733,-22.538,8.8831
955,84,145,185,0.6769,-28.411,8.7021
956,85,145,185,0.676,-27.648,8.7042
957,86,145,185,0.6787,-36.417,8.609
958,87,145,185,0.6805,-35.844,8.5438
959,88,145,185,0.6814,-42.255,8.4972
960,89,145,185,0.6814,-48.646,8.5005
961,80,145,186,0.6391,-16.603,9.839
962,81,145,186,0.6589,-19.715,9.1726
963,82,145,186,0.6688,-20.869,8.9811
964,83,145,186,0.6724,-23.595,8.811
965,84,145,186,0.676,-25.043,8.7213
966,85,145,186,0.6715,-26.429,8.685
967,86,145,186,0.676,-44.786,8.6723
968,87,145,186,0.6787,-34.963,8.6488
969,88,145,186,0.6805,-37.873,8.5083
970,89,145,186,0.6823,-46.493,8.4427
971,80,145,187,0.6355,-16.042,9.8175
972,81,145,187,0.6553,-17.809,9.2945
973,82,145,187,0.6679,-22.017,8.9699
974,83,145,187,0.6706,-24.059,8.8506
975,84,145,187,0.6688,-23.128,8.922
976,85,145,187,0.6751,-31.791,8.6987
977,86,145,187,0.6778,-45.055,8.6291
978,87,145,187,0.6742,-30.859,8.6722
979,88,145,187,0.6787,-37.103,8.563
980,89,145,187,0.6769,-41.543,8.5461
981,80,145,188,0.6346,-16.055,9.806
982,81,145,188,0.6526,-18.969,9.2768
983,82,145,188,0.6679,-21.673,8.9635
984,83,145,188,0.6697,-23.075,8.8886
985,84,145,188,0.6688,-24.241,8.8463
986,85,145,188,0.6706,-30.01,8.7496
987,86,145,188,0.6715,-29.921,8.6724
988,87,145,188,0.6724,-29.468,8.6402
989,88,145,188,0.676,-34.094,8.5807
990,89,145,188,0.6787,-50.862,8.4907
991,80,145,189,0.6337,-16.107,9.7841
992,81,145,189,0.6454,-16.714,9.4563
993,82,145,189,0.6661,-23.274,9.0174
994,83,145,189,0.6706,-23.873,8.8438
995,84,145,189,0.6679,-25.241,8.8171
996,85,145,189,0.6688,-26.529,8.8158
997,86,145,189,0.6715,-30.131,8.6649
998,87,145,189,0.6733,-29.687,8.6894
999,88,145,189,0.676,-34.73,8.5717
1000,89,145,189,0.676,-30.394,8.5406
